MEAN_MOTION;ECCENTRICITY;INCLINATION;RA_OF_ASC_NODE;ARG_OF_PERICENTER;MEAN_ANOMALY;BSTAR;MEAN_MOTION_DOT;MEAN_MOTION_DDOT;TYPE
12.62262207;9.74E-5;51.9883;116.538;326.301;187.6074;2.5798E-5;-9.9E-7;0;Globalstar
12.62262219;0.0001001;51.9883;113.6508;328.9828;175.1904;6.059E-5;-9.3E-7;0;Globalstar
12.62262217;0.0001018;51.9883;111.769;330.7088;102.8029;5.9984E-5;-9.3E-7;0;Globalstar
12.62262241;0.0001028;51.9883;110.9958;331.4258;176.437;9.2457E-5;-8.7E-7;0;Globalstar
12.62262283;0.0001058;51.9883;107.882;334.2578;142.1202;0.00012381;-8.2E-7;0;Globalstar
12.62262331;0.0001108;51.9884;103.1138;338.2822;56.5242;0.00010756;-8.4E-7;0;Globalstar
12.62262323;0.0001121;51.9885;101.8529;339.4581;137.7884;9.0148E-5;-8.8E-7;0;Globalstar
12.62262328;0.0001136;51.9885;99.7114;341.2142;93.0321;4.4362E-5;-9.6E-7;0;Globalstar
12.62262344;0.0001154;51.9885;98.7049;342.2446;154.6998;5.3675E-5;-9.4E-7;0;Globalstar
12.62262337;0.0001175;51.9886;96.5736;343.9725;94.8011;2.5551E-6;-1.03E-6;0;Globalstar
12.62262365;0.0001211;51.9886;92.6772;347.3798;148.3949;-2.0081E-5;-1.07E-6;0;Globalstar
12.62262364;0.0001214;51.9886;92.4225;347.5583;168.4257;-3.0864E-5;-1.09E-6;0;Globalstar
12.62262375;0.0001238;51.9887;89.5319;349.915;161.4049;-3.8391E-5;-1.11E-6;0;Globalstar
12.62262379;0.0001258;51.9887;86.6483;352.1396;143.9628;-3.2898E-5;-1.1E-6;0;Globalstar
12.62262371;0.0001277;51.9888;84.5162;353.8156;85.2409;-3.6946E-5;-1.1E-6;0;Globalstar
12.62262384;0.000129;51.9889;83.5031;354.6952;156.9098;-1.5514E-5;-1.07E-6;0;Globalstar
12.62262391;0.0001315;51.989;80.8529;356.8638;151.125;1.4265E-5;-1.01E-6;0;Globalstar
12.62262389;0.0001325;51.989;80.3651;357.2836;159.1079;1.177E-5;-1.02E-6;0;Globalstar
12.62262375;0.0001358;51.9892;77.4741;359.7481;152.7038;2.2107E-5;-1.0E-6;0;Globalstar
12.62262383;0.0001386;51.9894;74.3362;2.0494;155.0393;2.986E-5;-9.8E-7;0;Globalstar
12.62262374;0.0001406;51.9895;71.4468;4.1796;146.6414;1.6404E-5;-1.01E-6;0;Globalstar
12.62262377;0.0001418;51.9897;69.3344;5.6105;58.9178;3.9617E-6;-1.03E-6;0;Globalstar
12.62262387;0.0001428;51.9897;68.5621;6.2149;131.4561;1.2016E-5;-1.02E-6;0;Globalstar
12.62262382;0.0001463;51.9899;65.6502;8.7442;156.2652;-1.3224E-5;-1.06E-6;0;Globalstar
12.62262382;0.0001463;51.9899;65.6502;8.7442;156.2652;-1.3224E-5;-1.06E-6;0;Globalstar
12.62262355;0.0001498;51.9901;62.5337;11.2185;126.7649;-5.2202E-5;-1.13E-6;0;Globalstar
12.62262355;0.0001529;51.9903;59.3913;13.5679;136.0124;-7.4787E-5;-1.17E-6;0;Globalstar
12.62262352;0.0001561;51.9904;56.4845;15.9617;153.4925;-7.0493E-5;-1.16E-6;0;Globalstar
12.62262306;0.000158;51.9906;54.1359;17.7181;58.2028;-9.5112E-5;-1.21E-6;0;Globalstar
12.62262306;0.0001588;51.9906;53.363;18.2343;131.7044;-9.29E-5;-1.2E-6;0;Globalstar
12.62262285;0.0001608;51.9907;51.4833;19.8282;56.4633;-9.3851E-5;-1.21E-6;0;Globalstar
12.62262273;0.0001623;51.9909;48.1126;22.0131;46.6202;-6.708E-5;-1.16E-6;0;Globalstar
12.62262287;0.0001634;51.991;47.3357;22.5867;126.0977;-5.2077E-5;-1.13E-6;0;Globalstar
12.62262261;0.0001654;51.9911;44.954;24.3325;80.1999;-4.18E-5;-1.11E-6;0;Globalstar
12.62262282;0.0001669;51.9913;43.5388;25.056;32.4218;-2.4909E-5;-1.08E-6;0;Globalstar
12.62262265;0.0001684;51.9914;41.7951;26.4072;114.4733;-2.0679E-5;-1.07E-6;0;Globalstar
12.62262259;0.0001687;51.9914;41.5418;26.5723;132.5844;-2.3307E-5;-1.08E-6;0;Globalstar
12.62262236;0.0001712;51.9915;38.6447;28.684;136.0201;-2.1149E-5;-1.08E-6;0;Globalstar
12.62262263;0.0001719;51.9918;36.7853;29.7027;31.5877;-4.7864E-5;-1.12E-6;0;Globalstar
12.62262248;0.0001739;51.9917;35.5136;31.0164;128.6514;-8.4307E-6;-1.05E-6;0;Globalstar
12.62262242;0.0001755;51.9918;33.3988;32.5829;44.626;-1.9035E-5;-1.07E-6;0;Globalstar
12.62262225;0.0001765;51.9918;32.3918;33.19;107.6186;-2.3404E-5;-1.08E-6;0;Globalstar
12.62262243;0.0001774;51.9919;30.538;34.4063;354.342;-2.874E-5;-1.09E-6;0;Globalstar
12.62262233;0.0001776;51.992;29.2516;34.9848;114.4578;-3.7262E-5;-1.1E-6;0;Globalstar
12.62262224;0.0001789;51.9921;27.3713;36.4077;40.4053;-2.9044E-5;-1.09E-6;0;Globalstar
12.62262232;0.0001802;51.9921;26.1096;37.2491;123.4013;-1.9856E-5;-1.07E-6;0;Globalstar
12.62262201;0.0001823;51.992;24.4729;38.5555;46.0317;-5.3761E-5;-1.13E-6;0;Globalstar
12.62262224;0.0001838;51.9922;21.3433;40.5393;36.5242;-7.6751E-6;-1.05E-6;0;Globalstar
12.62262274;0.0001872;51.992;18.1935;42.8493;57.1945;3.307E-5;-9.8E-7;0;Globalstar
12.62262267;0.000188;51.992;17.1956;43.461;106.5571;3.7497E-5;-9.7E-7;0;Globalstar
12.62262294;0.00019;51.992;14.2829;45.4864;133.3599;7.5484E-5;-9.0E-7;0;Globalstar
12.62262311;0.0001907;51.992;12.1805;46.8896;30.9826;8.4648E-5;-8.9E-7;0;Globalstar
12.62262285;0.0001914;51.992;11.1675;47.4482;102.8646;7.0501E-5;-9.1E-7;0;Globalstar
12.6226229;0.0001923;51.992;9.2874;48.8145;28.6657;7.1804E-5;-9.1E-7;0;Globalstar
12.62262299;0.0001939;51.992;8.0261;49.4592;111.3404;7.4071E-5;-9.1E-7;0;Globalstar
12.62262288;0.0001944;51.992;6.1525;50.8447;27.2772;6.0221E-5;-9.3E-7;0;Globalstar
12.62262318;0.0001962;51.992;3.2596;52.8365;24.6926;5.4198E-5;-9.4E-7;0;Globalstar
12.62262316;0.0001964;51.9919;2.9928;52.9901;62.9069;5.6667E-5;-9.4E-7;0;Globalstar
12.62262338;0.0001972;51.9919;2.2517;53.4041;89.0292;6.9072E-5;-9.1E-7;0;Globalstar
12.62262335;0.0001982;51.9919;0.1243;54.947;23.8486;4.5913E-5;-9.6E-7;0;Globalstar
12.6226242;0.0001992;51.9918;357.9871;56.1935;333.5933;9.9803E-5;-8.6E-7;0;Globalstar
12.62262393;0.0002;51.9918;356.9668;57.0791;56.1685;6.5376E-5;-9.2E-7;0;Globalstar
12.62262424;0.0002008;51.9917;356.2237;57.4539;85.3129;8.3418E-5;-8.9E-7;0;Globalstar
12.6226243;0.0002016;51.9916;353.8406;59.028;41.7816;6.6791E-5;-9.2E-7;0;Globalstar
12.62262429;0.0002022;51.9916;353.0813;59.6193;94.9873;6.0654E-5;-9.3E-7;0;Globalstar
12.62262407;0.0002027;51.9915;350.9671;61.134;9.9553;3.8709E-5;-9.7E-7;0;Globalstar
12.62262441;0.0002039;51.9913;348.0675;62.8796;17.3039;5.3953E-5;-9.4E-7;0;Globalstar
12.62262439;0.0002041;51.9913;347.8127;62.9698;37.7185;5.7862E-5;-9.3E-7;0;Globalstar
12.62262454;0.0002053;51.9912;344.9387;65.0444;6.6067;6.6173E-5;-9.2E-7;0;Globalstar
12.62262487;0.0002059;51.9911;344.1672;65.5691;77.8757;9.2315E-5;-8.7E-7;0;Globalstar
12.6226249;0.0002067;51.9911;341.7843;67.0899;34.033;9.1409E-5;-8.7E-7;0;Globalstar
12.62262515;0.0002071;51.991;341.026;67.4715;85.7355;0.00010573;-8.5E-7;0;Globalstar
12.62262533;0.0002074;51.9909;339.147;68.7864;9.7129;0.00011282;-8.4E-7;0;Globalstar
12.62262559;0.0002086;51.9908;335.7558;71.0299;30.4764;0.0001175;-8.3E-7;0;Globalstar
12.62262607;0.0002088;51.9908;333.8841;72.2196;303.8153;0.00013671;-7.9E-7;0;Globalstar
12.62262601;0.0002094;51.9907;332.5854;73.2186;81.6616;0.00011498;-8.3E-7;0;Globalstar
12.62262617;0.0002096;51.9907;331.8853;73.5751;46.5639;0.00010977;-8.4E-7;0;Globalstar
12.62262677;0.0002096;51.9906;330.7372;74.2356;319.9624;0.00014158;-7.8E-7;0;Globalstar
12.62262639;0.0002104;51.9906;329.4575;75.1194;69.7106;9.9572E-5;-8.6E-7;0;Globalstar
12.62262653;0.0002108;51.9906;327.6111;76.4528;305.0913;7.4581E-5;-9.0E-7;0;Globalstar
12.6226268;0.0002112;51.9905;326.6029;77.1546;9.6202;8.8014E-5;-8.8E-7;0;Globalstar
12.62262669;0.0002116;51.9904;323.6991;78.874;23.2613;4.2047E-5;-9.6E-7;0;Globalstar
12.62262738;0.0002123;51.9904;320.5741;81.389;6.3197;5.2283E-5;-9.4E-7;0;Globalstar
12.62262731;0.0002124;51.9903;320.0485;81.4563;71.0609;4.4843E-5;-9.6E-7;0;Globalstar
12.62262766;0.0002123;51.9902;317.4328;83.2279;14.3733;6.593E-5;-9.2E-7;0;Globalstar
12.62262764;0.0002123;51.9902;316.9116;83.546;72.3065;5.4247E-5;-9.4E-7;0;Globalstar
12.62262772;0.000212;51.99;311.8966;86.807;356.1274;6.4029E-5;-9.2E-7;0;Globalstar
12.62262786;0.0002118;51.99;308.517;88.873;359.4868;9.1269E-5;-8.7E-7;0;Globalstar
12.62262803;0.0002116;51.9899;306.1145;90.1795;344.8766;9.6831E-5;-8.6E-7;0;Globalstar
12.62262819;0.0002116;51.9899;305.37;90.6272;15.8275;0.00011916;-8.2E-7;0;Globalstar
12.62262818;0.0002116;51.9899;304.8543;90.9073;65.4495;0.00011165;-8.4E-7;0;Globalstar
12.62262832;0.0002113;51.9899;303.2514;91.9092;297.5326;0.00010737;-8.5E-7;0;Globalstar
12.62262828;0.0002112;51.9899;302.2272;92.4957;25.958;0.00011273;-8.4E-7;0;Globalstar
12.62262848;0.0002104;51.9899;300.3671;93.9486;281.4285;9.184E-5;-8.7E-7;0;Globalstar
12.62262841;0.0002107;51.9899;299.3412;94.3758;12.6164;8.9597E-5;-8.8E-7;0;Globalstar
12.62262854;0.0002102;51.9899;296.7106;96.02;338.3005;6.4513E-5;-9.2E-7;0;Globalstar
12.62262851;0.0002103;51.9899;296.1985;96.2852;22.572;5.6683E-5;-9.4E-7;0;Globalstar
12.62262853;0.0002097;51.9899;293.3126;98.0708;9.366;1.7928E-5;-1.01E-6;0;Globalstar
12.62262843;0.0002097;51.9899;293.0515;98.1845;39.0034;3.4591E-6;-1.03E-6;0;Globalstar
12.62262854;0.0002088;51.9898;290.1462;100.0543;54.7529;-1.756E-5;-1.07E-6;0;Globalstar
12.62262848;0.0002087;51.9898;289.9073;100.2024;51.2152;-2.9941E-5;-1.09E-6;0;Globalstar
12.62262835;0.000208;51.9898;286.9989;101.9476;71.666;-4.6384E-5;-1.12E-6;0;Globalstar
12.62262832;0.0002078;51.9898;286.7682;102.109;55.8672;-5.6493E-5;-1.14E-6;0;Globalstar
12.62262827;0.0002074;51.9897;284.1219;103.6181;45.2958;-4.3059E-5;-1.11E-6;0;Globalstar
12.62262839;0.0002065;51.9897;282.2761;104.84;279.8222;-3.3399E-5;-1.1E-6;0;Globalstar
12.62262811;0.000206;51.9897;280.9946;105.7718;32.0665;-3.8735E-5;-1.11E-6;0;Globalstar
12.62262826;0.0002052;51.9897;278.8631;107.2188;332.9242;-1.2223E-5;-1.06E-6;0;Globalstar
12.62262824;0.0002048;51.9896;278.0976;107.6968;35.2634;3.6188E-6;-1.03E-6;0;Globalstar
12.62262817;0.0002034;51.9896;274.9661;109.6966;28.4875;3.4324E-5;-9.8E-7;0;Globalstar
12.62262813;0.000203;51.9897;274.7108;109.8557;49.6358;2.6622E-5;-9.9E-7;0;Globalstar
12.6226282;0.000202;51.9897;272.8502;111.2793;306.0045;3.8802E-5;-9.7E-7;0;Globalstar
12.62262848;0.0002015;51.9897;271.8246;111.8268;36.7754;7.3178E-5;-9.1E-7;0;Globalstar
12.62262871;0.0002001;51.9897;269.1974;113.5919;357.3267;9.249E-5;-8.7E-7;0;Globalstar
12.62262885;0.0001998;51.9897;268.9378;113.7597;24.7796;0.00010249;-8.5E-7;0;Globalstar
12.62262868;0.0001976;51.99;266.0485;115.5559;17.1894;-8.0545E-7;-1.04E-6;0;Globalstar
12.62262872;0.0001975;51.99;265.7965;115.7176;33.2009;6.1503E-6;-1.03E-6;0;Globalstar
12.6226288;0.0001974;51.9897;262.9084;117.2421;23.2323;6.0045E-5;-9.3E-7;0;Globalstar
12.62262877;0.0001972;51.9897;262.6539;117.3884;43.0501;4.7534E-5;-9.5E-7;0;Globalstar
12.62262891;0.0001953;51.9896;259.7681;119.3249;29.8245;2.2601E-5;-1.0E-6;0;Globalstar
12.62262891;0.0001953;51.9896;259.7681;119.3249;29.8245;2.2601E-5;-1.0E-6;0;Globalstar
12.62262902;0.0001925;51.9899;256.626;121.4299;38.9945;3.4697E-5;-9.8E-7;0;Globalstar
12.62262891;0.0001931;51.9895;255.9859;121.7025;274.3846;-2.5394E-5;-1.08E-6;0;Globalstar
12.62262883;0.0001917;51.9894;253.7399;123.368;26.0948;-4.3077E-5;-1.11E-6;0;Globalstar
12.62262885;0.0001907;51.9894;252.132;124.4636;265.647;-4.9232E-5;-1.13E-6;0;Globalstar
12.6226288;0.0001898;51.9893;250.5982;125.2377;34.9161;-4.5504E-5;-1.12E-6;0;Globalstar
12.62262885;0.000188;51.9892;247.7118;127.2759;22.4649;-2.4828E-5;-1.08E-6;0;Globalstar
12.62262879;0.0001868;51.9892;245.8315;128.5243;308.5475;-9.0829E-6;-1.05E-6;0;Globalstar
12.62262882;0.0001847;51.989;242.4394;130.6595;330.9383;4.3086E-5;-9.6E-7;0;Globalstar
12.622629;0.000184;51.989;241.6836;131.1285;18.8722;6.0508E-5;-9.3E-7;0;Globalstar
12.62262933;0.0001816;51.9889;238.5419;133.1958;27.3529;0.00011153;-8.4E-7;0;Globalstar
12.62262972;0.0001796;51.9888;235.6553;135.2883;14.9905;0.00015531;-7.6E-7;0;Globalstar
12.62262964;0.0001784;51.9888;233.7753;136.5187;300.7142;0.00013975;-7.9E-7;0;Globalstar
12.6226298;0.0001773;51.9887;232.7674;137.1035;5.0065;0.00014765;-7.7E-7;0;Globalstar
12.62263023;0.0001751;51.9886;229.6378;139.2956;355.3139;0.00013783;-7.9E-7;0;Globalstar
12.62263046;0.0001729;51.9885;226.7391;141.1253;1.3169;0.00010789;-8.4E-7;0;Globalstar
12.62263043;0.0001716;51.9884;224.6116;142.666;296.2105;5.6749E-5;-9.4E-7;0;Globalstar
12.62263048;0.0001705;51.9884;223.5979;143.2698;9.1448;4.3655E-5;-9.6E-7;0;Globalstar
12.6226308;0.0001688;51.9882;221.2314;144.7311;300.8951;3.5122E-5;-9.7E-7;0;Globalstar
12.62263084;0.000168;51.9882;220.4714;145.1907;355.0876;1.6082E-5;-1.01E-6;0;Globalstar
12.62263102;0.0001659;51.988;217.5697;147.1708;5.5359;4.8713E-6;-1.03E-6;0;Globalstar
12.62263083;0.000164;51.9878;215.1682;148.7823;349.3708;-1.0962E-5;-1.06E-6;0;Globalstar
12.62263095;0.0001617;51.9877;212.2819;150.6539;336.6964;7.716E-6;-1.02E-6;0;Globalstar
12.62263145;0.0001593;51.9875;209.133;152.8796;355.4848;7.4589E-5;-9.0E-7;0;Globalstar
12.62263173;0.0001563;51.9873;206.0011;155.0487;349.1222;0.00012457;-8.1E-7;0;Globalstar
12.62263202;0.0001537;51.9872;202.8853;156.9636;318.9301;0.00015856;-7.5E-7;0;Globalstar
12.62263264;0.0001508;51.9872;199.4843;159.1453;354.3581;0.0001869;-7.0E-7;0;Globalstar
12.62263294;0.0001481;51.9871;196.5917;161.1785;350.8093;0.00016621;-7.4E-7;0;Globalstar
12.622633;0.000147;51.9871;194.7148;162.4623;271.5377;0.00012152;-8.2E-7;0;Globalstar
12.62263311;0.0001461;51.9871;193.976;162.947;294.2192;0.00012487;-8.1E-7;0;Globalstar
12.62263333;0.0001439;51.987;191.0894;164.9001;281.8498;7.525E-5;-9.0E-7;0;Globalstar
12.62263336;0.0001434;51.987;190.8282;165.0515;311.664;7.2231E-5;-9.1E-7;0;Globalstar
12.62263352;0.0001409;51.987;187.914;167.0602;340.548;1.6595E-5;-1.01E-6;0;Globalstar
12.62263363;0.0001405;51.987;187.68;167.1869;329.7499;2.1284E-5;-1.0E-6;0;Globalstar
12.6226337;0.0001381;51.9869;184.7996;169.1946;307.9643;-1.6556E-5;-1.07E-6;0;Globalstar
12.62263364;0.000136;51.9869;182.1388;171.0215;318.5706;-4.6137E-5;-1.12E-6;0;Globalstar
12.62263387;0.0001341;51.9868;180.033;172.5789;220.7096;-3.4536E-5;-1.1E-6;0;Globalstar
12.62263379;0.0001335;51.9868;178.7455;173.3728;341.9838;-3.1669E-5;-1.09E-6;0;Globalstar
12.62263361;0.000132;51.9868;176.6291;174.9273;260.0254;-3.8752E-5;-1.11E-6;0;Globalstar
12.6226339;0.00013;51.9868;174.2595;176.5977;195.957;1.5354E-5;-1.01E-6;0;Globalstar
12.62263381;0.0001295;51.9868;173.4913;177.0278;262.356;7.9166E-6;-1.02E-6;0;Globalstar
12.62263374;0.0001288;51.9868;172.7167;177.4405;338.4599;2.1392E-5;-1.0E-6;0;Globalstar
12.62263374;0.0001268;51.9869;170.3534;179.1233;264.8654;4.3056E-5;-9.6E-7;0;Globalstar
12.62263392;0.0001265;51.9869;169.5742;179.5966;347.9121;6.1513E-5;-9.3E-7;0;Globalstar
12.62263405;0.0001244;51.9871;166.4499;181.9876;329.889;8.1595E-5;-8.9E-7;0;Globalstar
12.62263438;0.0001207;51.9873;163.3115;183.8886;333.4384;9.4337E-5;-8.7E-7;0;Globalstar
12.62263461;0.0001184;51.9874;160.4224;185.9698;324.6152;8.0034E-5;-8.9E-7;0;Globalstar
12.62263441;0.0001165;51.9875;158.5437;186.7078;248.6863;3.8401E-5;-9.7E-7;0;Globalstar
12.62263448;0.0001152;51.9876;157.2836;187.8885;329.0172;1.7155E-5;-1.01E-6;0;Globalstar
12.62263458;0.0001141;51.9877;155.4065;189.2362;250.0057;-9.9056E-6;-1.06E-6;0;Globalstar
12.62263457;0.0001133;51.9877;154.394;190.1492;320.8407;-1.9338E-5;-1.07E-6;0;Globalstar
12.62263421;0.0001117;51.9878;152.2814;191.4178;233.5566;-7.4685E-5;-1.17E-6;0;Globalstar
12.62263415;0.0001107;51.9878;151.5095;191.9352;305.5741;-8.7306E-5;-1.19E-6;0;Globalstar
12.62263414;0.0001087;51.9879;148.5977;194.1675;330.5657;-0.00010951;-1.23E-6;0;Globalstar
12.62263396;0.0001074;51.988;146.7629;195.389;188.6246;-0.00013338;-1.28E-6;0;Globalstar
12.62263388;0.0001058;51.988;145.481;196.1418;301.7221;-0.00012375;-1.26E-6;0;Globalstar
12.62263372;0.0001032;51.9882;142.3382;198.1878;311.7496;-0.0001066;-1.23E-6;0;Globalstar
12.62263341;0.0001005;51.9883;139.197;200.2752;319.3912;-8.2968E-5;-1.19E-6;0;Globalstar
12.62263332;9.98E-5;51.9884;137.8339;201.1952;193.5377;-6.5937E-5;-1.16E-6;0;Globalstar
12.62263335;9.79E-5;51.9886;134.9507;203.3943;175.8167;-1.2121E-5;-1.06E-6;0;Globalstar
12.62263333;9.78E-5;51.9886;134.706;203.4686;181.076;-1.6754E-5;-1.07E-6;0;Globalstar
12.62263302;9.54E-5;51.9888;131.8059;205.6783;188.8571;-8.7568E-6;-1.05E-6;0;Globalstar
12.62263356;9.54E-5;51.9894;131.0597;206.6776;222.3583;-6.5646E-5;-1.16E-6;0;Globalstar
12.62263324;9.32E-5;51.9891;128.6767;208.0355;178.3349;2.2677E-5;-1.0E-6;0;Globalstar
12.62263322;9.29E-5;51.9896;127.9012;209.115;255.7102;-7.408E-5;-1.17E-6;0;Globalstar
12.6226333;9.22E-5;51.9896;127.1411;209.8375;309.7812;-6.6944E-5;-1.16E-6;0;Globalstar
12.62263303;9.0E-5;51.9897;124.2542;211.8752;297.8253;-6.4324E-5;-1.15E-6;0;Globalstar
12.6226326;8.55E-5;51.99;118.2234;216.2042;297.6111;-6.1989E-5;-1.15E-6;0;Globalstar
12.62263255;8.45E-5;51.99;116.6205;217.4699;169.4825;-5.8259E-5;-1.14E-6;0;Globalstar
12.62263237;8.2E-5;51.9901;113.72;219.5495;177.9165;-4.8762E-5;-1.12E-6;0;Globalstar
12.62263249;7.95E-5;51.9899;110.5923;221.4657;165.7356;-9.3991E-5;-1.21E-6;0;Globalstar
12.62263238;7.93E-5;51.9899;110.3178;221.5918;215.5032;-9.8681E-5;-1.21E-6;0;Globalstar
12.62263217;7.72E-5;51.99;107.4499;224.3089;174.5739;-8.4012E-5;-1.19E-6;0;Globalstar
12.62263218;7.66E-5;51.99;106.6575;224.89;277.187;-5.7101E-5;-1.14E-6;0;Globalstar
12.62263218;7.56E-5;51.99;104.3099;227.0732;179.9665;-3.0821E-5;-1.09E-6;0;Globalstar
12.62263202;7.48E-5;51.9901;103.517;227.9766;282.9206;-2.2126E-5;-1.08E-6;0;Globalstar
12.62263199;7.38E-5;51.9901;101.4218;229.8268;169.2918;-7.1466E-6;-1.05E-6;0;Globalstar
12.62263213;7.32E-5;51.9902;100.1417;231.3156;278.9569;2.3626E-5;-1.0E-6;0;Globalstar
12.62263217;7.27E-5;51.9902;98.2809;232.9096;175.5969;4.0397E-5;-9.7E-7;0;Globalstar
12.62263231;7.14E-5;51.9902;96.9991;234.2025;288.12;5.352E-5;-9.4E-7;0;Globalstar
12.62263205;7.04E-5;51.9903;95.1265;235.5422;202.716;3.7646E-5;-9.7E-7;0;Globalstar
12.6226326;6.95E-5;51.9903;92.5073;237.7586;151.0649;7.0894E-5;-9.1E-7;0;Globalstar
12.62263248;6.9E-5;51.9903;92.2334;238.0239;199.7475;6.1783E-5;-9.3E-7;0;Globalstar
12.6226329;6.73E-5;51.9904;89.3654;240.4579;159.3671;6.0318E-5;-9.3E-7;0;Globalstar
12.62263274;6.72E-5;51.9904;89.085;240.5004;217.9467;5.1205E-5;-9.5E-7;0;Globalstar
12.62263328;6.58E-5;51.9904;86.2263;242.868;163.7641;5.2232E-5;-9.4E-7;0;Globalstar
12.62263324;6.52E-5;51.9904;85.4322;243.9436;268.3261;4.6959E-5;-9.5E-7;0;Globalstar
12.62263334;6.42E-5;51.9904;83.07;246.1769;192.8456;1.366E-5;-1.01E-6;0;Globalstar
12.62263325;6.37E-5;51.9904;82.3165;247.2335;236.7323;9.2972E-6;-1.02E-6;0;Globalstar
12.62263328;6.29E-5;51.9904;79.9408;249.4998;181.4933;-1.0178E-5;-1.06E-6;0;Globalstar
12.62263348;6.23E-5;51.9903;79.1692;250.5117;252.5489;-8.5306E-7;-1.04E-6;0;Globalstar
12.62263368;6.17E-5;51.9903;77.0412;252.8679;187.1103;1.0755E-6;-1.04E-6;0;Globalstar
12.62263352;6.12E-5;51.9903;74.6626;255.9503;135.2154;-1.0923E-5;-1.06E-6;0;Globalstar
12.6226331;6.02E-5;51.9903;70.7577;259.4232;201.6348;-1.4284E-5;-1.06E-6;0;Globalstar
12.62263376;5.97E-5;51.9903;68.1205;261.6554;176.4432;4.0589E-5;-9.6E-7;0;Globalstar
12.62263379;5.86E-5;51.9903;64.7292;265.1047;196.199;5.8116E-5;-9.3E-7;0;Globalstar
12.62263387;5.85E-5;51.9903;63.9709;266.1839;247.2973;6.0337E-5;-9.3E-7;0;Globalstar
12.62263393;5.81E-5;51.9904;61.8549;268.1814;164.4135;6.5365E-5;-9.2E-7;0;Globalstar
12.62263428;5.79E-5;51.9904;58.7009;271.9803;189.4652;8.055E-5;-8.9E-7;0;Globalstar
12.6226345;5.73E-5;51.9905;55.576;275.0628;171.7414;6.8645E-5;-9.1E-7;0;Globalstar
12.62263439;5.75E-5;51.9905;52.6723;279.0694;182.9533;2.81E-5;-9.9E-7;0;Globalstar
12.62263484;5.72E-5;51.9905;51.9141;279.6931;234.3038;4.8699E-5;-9.5E-7;0;Globalstar
12.6226349;5.74E-5;51.9906;49.5476;282.7027;164.4994;3.7622E-5;-9.7E-7;0;Globalstar
12.62263503;5.75E-5;51.9906;46.6442;286.2145;175.7082;1.7048E-5;-1.01E-6;0;Globalstar
12.62263479;5.79E-5;51.9906;43.7691;288.7369;145.4476;-1.6347E-5;-1.07E-6;0;Globalstar
12.62263484;5.78E-5;51.9906;43.5189;288.976;158.774;-1.3121E-5;-1.06E-6;0;Globalstar
12.62263509;5.82E-5;51.9907;40.6323;291.0945;146.2359;2.6847E-6;-1.03E-6;0;Globalstar
12.62263517;5.86E-5;51.9908;37.4864;294.186;159.7756;1.8192E-5;-1.01E-6;0;Globalstar
12.62263516;5.87E-5;51.9908;36.9656;294.8875;216.6367;1.4723E-5;-1.01E-6;0;Globalstar
12.62263528;5.92E-5;51.9908;34.315;296.8882;211.8056;3.1415E-5;-9.8E-7;0;Globalstar
12.62263521;5.95E-5;51.9909;33.8273;297.2669;219.574;1.9584E-5;-1.0E-6;0;Globalstar
12.62263532;6.02E-5;51.991;31.2006;299.8424;178.5206;4.3285E-5;-9.6E-7;0;Globalstar
12.62263503;6.11E-5;51.9911;28.5586;303.2824;159.5309;2.3029E-5;-1.0E-6;0;Globalstar
12.62263521;6.11E-5;51.9911;28.3148;303.5886;163.2666;3.5958E-5;-9.7E-7;0;Globalstar
12.62263522;6.12E-5;51.9911;28.0536;303.7983;192.9296;3.4283E-5;-9.8E-7;0;Globalstar
12.62263538;6.32E-5;51.9913;22.2594;309.9375;197.6959;1.9543E-5;-1.0E-6;0;Globalstar
12.62263541;6.4E-5;51.9915;19.1184;313.4184;203.7969;-6.1468E-7;-1.04E-6;0;Globalstar
12.62263537;6.45E-5;51.9915;18.6608;313.911;166.5071;-1.5829E-5;-1.07E-6;0;Globalstar
12.62263538;6.55E-5;51.9915;15.976;316.979;211.916;-9.4973E-6;-1.05E-6;0;Globalstar
12.62263547;6.65E-5;51.9915;14.6296;318.3819;60.7398;-5.3283E-6;-1.05E-6;0;Globalstar
12.62263532;6.64E-5;51.9915;14.3773;318.1848;77.6054;-2.5357E-5;-1.08E-6;0;Globalstar
12.62263484;6.81E-5;51.9916;11.2381;321.17;81.4459;-6.0199E-5;-1.15E-6;0;Globalstar
12.62263525;7.0E-5;51.9919;9.9478;321.6065;207.823;-3.6121E-6;-1.04E-6;0;Globalstar
12.6226349;7.04E-5;51.9917;7.0618;323.5265;194.569;-3.6403E-5;-1.1E-6;0;Globalstar
12.62263504;7.19E-5;51.9917;4.4456;324.8603;139.3039;-1.078E-5;-1.06E-6;0;Globalstar
12.62263498;7.37E-5;51.9918;1.5847;326.4178;89.0714;-1.7188E-6;-1.04E-6;0;Globalstar
12.6226354;7.62E-5;51.9921;358.9187;327.1863;109.0908;-5.4465E-6;-1.05E-6;0;Globalstar
12.6226352;7.6E-5;51.9918;357.8931;328.7661;198.5108;3.1708E-5;-9.8E-7;0;Globalstar
12.62263479;7.74E-5;51.9919;355.053;330.4237;117.2341;5.5324E-6;-1.03E-6;0;Globalstar
12.62263473;8.13E-5;51.992;351.66;332.5792;141.3318;-2.6673E-5;-1.09E-6;0;Globalstar
12.6226349;8.18E-5;51.992;350.265;333.2599;63.4016;-8.5663E-6;-1.05E-6;0;Globalstar
12.62263492;8.29E-5;51.992;348.9772;334.515;185.0082;-7.1643E-6;-1.05E-6;0;Globalstar
12.62263485;8.43E-5;51.992;346.8622;335.8435;101.3814;-4.6423E-6;-1.05E-6;0;Globalstar
12.622635;8.49E-5;51.9919;345.8308;336.8846;200.3679;1.1407E-5;-1.02E-6;0;Globalstar
12.62263512;8.59E-5;51.9919;343.726;337.8441;101.8784;1.7147E-5;-1.01E-6;0;Globalstar
12.62263502;8.63E-5;51.9918;342.743;339.1131;128.6822;6.8879E-7;-1.04E-6;0;Globalstar
12.62263485;8.85E-5;51.9917;340.0625;341.1022;168.8722;5.917E-7;-1.04E-6;0;Globalstar
12.6226349;9.08E-5;51.9916;336.921;342.6926;177.7818;1.8071E-5;-1.01E-6;0;Globalstar
12.62263545;9.34E-5;51.9914;333.5747;345.139;131.3277;6.7373E-5;-9.2E-7;0;Globalstar
12.62263574;9.57E-5;51.9913;330.6867;346.3345;122.0589;0.00010165;-8.6E-7;0;Globalstar
12.62263538;9.68E-5;51.9912;328.7788;347.5095;89.3673;7.6366E-5;-9.0E-7;0;Globalstar
12.6226357;9.78E-5;51.9912;327.7463;348.1512;190.3735;0.00011111;-8.4E-7;0;Globalstar
12.62263556;9.91E-5;51.9911;325.6437;349.2851;88.3541;9.0953E-5;-8.7E-7;0;Globalstar
12.62263568;0.0001002;51.991;324.8642;349.771;171.8336;0.00010641;-8.5E-7;0;Globalstar
12.62263616;0.0001017;51.9909;322.5147;351.0624;78.3774;0.00012679;-8.1E-7;0;Globalstar
12.6226362;0.0001028;51.9909;321.742;351.4749;151.7691;0.00012274;-8.2E-7;0;Globalstar
12.62263626;0.0001043;51.9908;319.3585;352.4664;109.429;9.7024E-5;-8.6E-7;0;Globalstar
12.6226364;0.0001052;51.9908;318.6015;353.0093;159.0827;9.4561E-5;-8.7E-7;0;Globalstar
12.62263649;0.0001074;51.9909;316.1982;353.9626;146.094;7.4359E-5;-9.0E-7;0;Globalstar
12.62263672;0.0001076;51.9906;315.4756;355.2386;144.0993;8.2565E-5;-8.9E-7;0;Globalstar
12.62263682;0.0001095;51.9904;312.8084;356.9588;164.6909;6.7344E-5;-9.2E-7;0;Globalstar
12.62263676;0.0001127;51.9902;309.466;358.5886;113.4223;2.6963E-5;-9.9E-7;0;Globalstar
12.62263706;0.0001147;51.99;306.7736;0.3374;171.5047;4.6021E-5;-9.6E-7;0;Globalstar
12.62263733;0.0001159;51.9899;305.1743;1.0953;38.4986;6.5049E-5;-9.2E-7;0;Globalstar
12.62263742;0.0001175;51.9898;303.6583;1.9335;141.0779;7.7058E-5;-9.0E-7;0;Globalstar
12.62263752;0.0001195;51.9896;301.0498;3.3656;74.031;9.356E-5;-8.7E-7;0;Globalstar
12.62263771;0.0001205;51.9895;300.2965;3.5013;118.4353;0.00010178;-8.6E-7;0;Globalstar
12.62263793;0.0001231;51.9893;297.4058;5.1179;112.571;0.00012426;-8.2E-7;0;Globalstar
12.62263846;0.0001258;51.9891;294.515;6.7221;106.7;0.00016679;-7.4E-7;0;Globalstar
12.6226385;0.0001271;51.989;292.6092;7.9474;70.5278;0.00015078;-7.7E-7;0;Globalstar
12.62263943;0.0001312;51.9888;288.4598;10.1677;143.2799;0.00017759;-7.2E-7;0;Globalstar
12.62263979;0.0001336;51.9886;285.5655;12.0585;142.3672;0.0001509;-7.7E-7;0;Globalstar
12.62264;0.0001346;51.9886;284.2103;12.7208;4.9086;0.0001387;-7.9E-7;0;Globalstar
12.62264;0.000136;51.9885;282.4216;13.8341;154.1589;9.6911E-5;-8.6E-7;0;Globalstar
12.62264;0.0001374;51.9884;280.8247;14.6986;17.3392;6.3381E-5;-9.2E-7;0;Globalstar
12.62264013;0.0001395;51.9883;279.3228;15.532;98.8414;4.7924E-5;-9.5E-7;0;Globalstar
12.62264029;0.0001411;51.9883;276.9231;17.0318;79.9378;3.5152E-5;-9.7E-7;0;Globalstar
12.6226403;0.0001418;51.9882;276.4026;17.285;136.646;2.1544E-5;-1.0E-6;0;Globalstar
12.62264039;0.000144;51.9881;273.7748;18.8048;98.3143;1.3371E-5;-1.01E-6;0;Globalstar
12.62264039;0.0001443;51.9881;273.51;18.9344;133.5484;7.916E-6;-1.02E-6;0;Globalstar
12.6226405;0.0001472;51.988;270.373;20.7706;134.9782;1.0714E-5;-1.02E-6;0;Globalstar
12.62264088;0.0001495;51.9879;267.481;22.4855;130.6026;5.1869E-5;-9.4E-7;0;Globalstar
12.62264088;0.0001508;51.9879;265.6044;23.6074;51.0183;5.3671E-5;-9.4E-7;0;Globalstar
12.62264114;0.0001521;51.9878;264.3421;24.3299;134.8163;8.5572E-5;-8.8E-7;0;Globalstar
12.62264128;0.0001537;51.9878;261.7373;25.9545;61.7876;0.0001092;-8.4E-7;0;Globalstar
12.6226414;0.0001576;51.9879;258.5699;27.6043;108.7491;0.0001246;-8.1E-7;0;Globalstar
12.62264148;0.0001578;51.9879;258.3154;27.7417;128.5367;0.00012326;-8.2E-7;0;Globalstar
12.6226417;0.0001602;51.9879;255.4246;29.4494;122.3435;0.00011891;-8.2E-7;0;Globalstar
12.62264191;0.0001628;51.988;252.2866;31.2455;125.2521;8.7954E-5;-8.8E-7;0;Globalstar
12.62264192;0.000166;51.9881;249.4273;32.8949;72.3464;4.7163E-5;-9.5E-7;0;Globalstar
12.62264179;0.0001679;51.9881;247.5182;34.0555;41.3226;-2.1058E-6;-1.04E-6;0;Globalstar
12.62264195;0.0001695;51.9881;246.258;34.7442;122.0059;-4.4533E-6;-1.05E-6;0;Globalstar
12.62264189;0.0001707;51.9881;244.381;35.8776;43.1495;-4.4002E-5;-1.12E-6;0;Globalstar
12.62264195;0.0001716;51.9881;243.3681;36.4422;114.7683;-4.6758E-5;-1.12E-6;0;Globalstar
12.62264174;0.0001748;51.9882;240.2279;38.2946;121.1181;-8.3269E-5;-1.19E-6;0;Globalstar
12.62264171;0.0001773;51.9882;237.3409;40.0173;109.5302;-7.6496E-5;-1.17E-6;0;Globalstar
12.62264149;0.0001791;51.9882;235.2271;41.3126;24.0063;-7.6154E-5;-1.17E-6;0;Globalstar
12.62264163;0.0001803;51.9882;234.201;41.8268;115.4037;-5.295E-5;-1.13E-6;0;Globalstar
12.62264152;0.0001821;51.9883;231.0916;43.6335;75.6322;-2.4653E-5;-1.08E-6;0;Globalstar
12.62264129;0.0001857;51.9884;228.1712;45.4305;113.8893;1.27E-5;-1.02E-6;0;Globalstar
12.62264146;0.0001875;51.9885;225.3128;47.1236;59.6489;5.8204E-5;-9.3E-7;0;Globalstar
12.62264164;0.0001893;51.989;222.1415;48.7851;113.3224;-4.1899E-5;-1.11E-6;0;Globalstar
12.62264166;0.0001913;51.9891;219.0339;50.5757;71.1476;-2.8845E-5;-1.09E-6;0;Globalstar
12.62264156;0.0001934;51.9888;217.6514;51.6111;333.4743;3.513E-5;-9.7E-7;0;Globalstar
12.62264164;0.0001948;51.9889;216.1129;52.4469;109.7109;2.2907E-5;-1.0E-6;0;Globalstar
12.62264151;0.0001965;51.9889;213.9809;53.8054;51.4282;-9.8912E-6;-1.06E-6;0;Globalstar
12.62264159;0.0001972;51.9889;213.2282;54.1923;94.8381;-1.6299E-5;-1.07E-6;0;Globalstar
12.62264132;0.000198;51.9892;210.8465;55.3962;49.8917;-2.0531E-5;-1.07E-6;0;Globalstar
12.62264121;0.0001985;51.9892;210.3406;55.6425;85.0301;-2.8893E-5;-1.09E-6;0;Globalstar
12.62264151;0.000202;51.9889;207.2;57.7168;91.6391;-7.2535E-5;-1.17E-6;0;Globalstar
12.62268417;0.0002042;51.9891;202.9482;59.4774;318.1174;-5.5499E-5;-1.14E-6;0;Globalstar
12.62267899;0.0002041;51.9889;202.4517;60.4784;337.8912;-6.4979E-5;-1.15E-6;0;Globalstar
12.62267847;0.0002054;51.989;199.8061;62.0156;326.479;-2.6789E-5;-1.09E-6;0;Globalstar
12.62267824;0.0002064;51.9889;199.2913;62.3029;14.8004;-2.9568E-5;-1.09E-6;0;Globalstar
12.62267822;0.0002079;51.9889;196.6653;63.8598;333.898;1.8462E-5;-1.0E-6;0;Globalstar
12.62267797;0.0002102;51.9888;193.5376;65.7425;321.678;1.7548E-5;-1.01E-6;0;Globalstar
12.62267856;0.0002094;51.9893;193.2633;65.7283;11.1915;-3.3214E-5;-1.1E-6;0;Globalstar
12.62267885;0.0002106;51.9892;190.1282;67.5756;10.0698;1.6267E-6;-1.03E-6;0;Globalstar
12.62267907;0.000211;51.9892;189.6354;67.8348;25.6452;2.0835E-5;-1.0E-6;0;Globalstar
12.62267873;0.0002125;51.9892;187.2351;69.3242;7.8697;-1.8453E-6;-1.04E-6;0;Globalstar
12.62267903;0.0002135;51.9891;186.0016;69.9758;48.7697;2.2852E-5;-1.0E-6;0;Globalstar
12.62267875;0.000215;51.9891;184.3669;71.0181;328.3747;1.1911E-5;-1.02E-6;0;Globalstar
12.62267935;0.0002175;51.9887;181.4812;72.8314;315.1141;0.00011873;-8.3E-7;0;Globalstar
12.6226794;0.0002185;51.9886;178.3388;74.594;325.1168;5.8685E-5;-9.3E-7;0;Globalstar
12.62267937;0.0002185;51.9885;178.0847;74.7559;344.3636;5.7886E-5;-9.3E-7;0;Globalstar
12.62267978;0.0002201;51.9884;175.1985;76.5576;331.5829;3.5358E-5;-9.7E-7;0;Globalstar
12.62267991;0.0002211;51.9883;172.0563;78.3153;341.2248;-7.0911E-7;-1.04E-6;0;Globalstar
12.62268005;0.0002219;51.9882;171.2617;78.7562;87.1734;7.493E-6;-1.02E-6;0;Globalstar
12.62267997;0.0002225;51.9881;169.1712;80.1411;326.7961;-1.6319E-5;-1.07E-6;0;Globalstar
12.62268033;0.0002235;51.988;167.9027;80.8415;59.9933;7.6161E-6;-1.02E-6;0;Globalstar
12.62268019;0.0002244;51.9879;166.0148;82.0299;357.3278;1.0474E-6;-1.04E-6;0;Globalstar
12.62268055;0.0002259;51.9878;163.0994;83.8238;27.9776;4.8794E-5;-9.5E-7;0;Globalstar
12.62268019;0.0002271;51.9876;159.986;85.7035;354.2203;5.0645E-5;-9.5E-7;0;Globalstar
12.62268033;0.0002269;51.9876;159.7305;85.837;15.6099;6.8214E-5;-9.2E-7;0;Globalstar
12.62268103;0.0002282;51.9875;156.8566;87.5989;344.3304;0.00013766;-7.9E-7;0;Globalstar
12.62268124;0.0002285;51.9875;156.0852;87.9886;55.5894;0.00015568;-7.6E-7;0;Globalstar
12.62268134;0.0002293;51.9875;153.9574;89.3032;350.8683;0.00015377;-7.6E-7;0;Globalstar
12.62268177;0.0002295;51.9875;152.9438;89.829;63.5184;0.0001809;-7.1E-7;0;Globalstar
12.62268184;0.00023;51.9874;150.8269;91.2075;342.5423;0.00016527;-7.4E-7;0;Globalstar
12.6226823;0.0002308;51.9874;147.9286;92.9967;347.7561;0.00014215;-7.8E-7;0;Globalstar
12.62268235;0.0002309;51.9874;147.6735;93.0963;8.5823;0.00014867;-7.7E-7;0;Globalstar
12.62268284;0.0002314;51.9874;144.7988;94.8886;338.2373;0.00011641;-8.3E-7;0;Globalstar
12.62268276;0.0002312;51.9874;144.0225;95.1762;56.9551;8.877E-5;-8.8E-7;0;Globalstar
12.62268276;0.0002313;51.9873;141.6451;96.7271;4.7418;3.4344E-5;-9.8E-7;0;Globalstar
12.62268297;0.0002312;51.9873;140.8865;97.0335;56.8411;3.0821E-5;-9.8E-7;0;Globalstar
12.62268318;0.0002314;51.9873;138.77;98.2799;335.2397;1.1985E-5;-1.02E-6;0;Globalstar
12.6226831;0.0002313;51.9872;135.8703;100.01;342.4601;-3.2374E-5;-1.1E-6;0;Globalstar
12.6226831;0.0002312;51.9872;135.3246;100.1994;77.0535;-2.6981E-5;-1.09E-6;0;Globalstar
12.62268309;0.000231;51.9872;132.7411;101.9411;332.0599;-3.3909E-5;-1.1E-6;0;Globalstar
12.62268315;0.000231;51.9872;132.4909;102.0425;345.5826;-2.5363E-5;-1.08E-6;0;Globalstar
12.62268313;0.0002308;51.9872;129.5874;103.8596;358.3606;-1.3212E-5;-1.06E-6;0;Globalstar
12.62268315;0.0002308;51.9872;129.3157;103.9378;43.7633;-7.8533E-6;-1.05E-6;0;Globalstar
12.62268312;0.0002305;51.9872;126.4279;105.8811;33.0099;1.2285E-5;-1.02E-6;0;Globalstar
12.62268309;0.0002305;51.9872;126.1755;106.0301;49.5523;1.1447E-5;-1.02E-6;0;Globalstar
12.62268327;0.0002298;51.9873;123.288;107.7862;38.4613;5.1593E-5;-9.5E-7;0;Globalstar
12.62268336;0.0002297;51.9873;123.033;108.0003;59.0597;5.8015E-5;-9.3E-7;0;Globalstar
12.62268339;0.0002292;51.9874;121.1957;109.115;280.6563;5.8027E-5;-9.3E-7;0;Globalstar
12.62268364;0.0002282;51.9875;118.294;111.0894;290.638;7.4163E-5;-9.0E-7;0;Globalstar
12.62268369;0.0002272;51.9877;114.1123;113.2764;51.4712;5.8806E-5;-9.3E-7;0;Globalstar
12.62268383;0.0002258;51.9879;110.9753;115.1959;52.9258;2.6484E-5;-9.9E-7;0;Globalstar
12.62268383;0.0002258;51.9879;110.9753;115.1959;52.9258;2.6484E-5;-9.9E-7;0;Globalstar
12.62268405;0.0002238;51.9881;108.0891;117.3184;39.6709;-6.6778E-6;-1.05E-6;0;Globalstar
12.62268402;0.0002237;51.9882;106.2494;118.3611;265.2843;-4.3264E-5;-1.12E-6;0;Globalstar
12.62268392;0.000223;51.9882;105.2286;119.0514;348.6302;-5.1297E-5;-1.13E-6;0;Globalstar
12.62268373;0.0002211;51.9884;102.3466;121.2509;328.9556;-9.3351E-5;-1.21E-6;0;Globalstar
12.62268376;0.000221;51.9884;102.0858;121.387;358.1559;-9.2868E-5;-1.2E-6;0;Globalstar
12.62268352;0.0002197;51.9885;99.1999;123.1473;344.9866;-0.00010099;-1.22E-6;0;Globalstar
12.62268331;0.0002188;51.9887;96.0391;124.9087;22.1018;-9.514E-5;-1.21E-6;0;Globalstar
12.62268328;0.0002186;51.9888;95.7952;125.0374;26.0674;-0.00010012;-1.22E-6;0;Globalstar
12.62268279;0.0002168;51.989;92.6551;127.0646;32.0469;-0.00010037;-1.22E-6;0;Globalstar
12.62268245;0.0002153;51.9892;89.7684;128.8491;19.9989;-8.077E-5;-1.18E-6;0;Globalstar
12.62268256;0.0002134;51.9899;87.8884;130.4801;305.7951;-9.9082E-5;-1.22E-6;0;Globalstar
12.6226824;0.000212;51.9899;86.8819;131.0713;7.8998;-0.00010649;-1.23E-6;0;Globalstar
12.6226824;0.0002111;51.9901;84.7511;132.54;307.7465;-9.4364E-5;-1.21E-6;0;Globalstar
12.62268243;0.0002096;51.9901;83.7408;133.1592;15.5493;-9.3936E-5;-1.21E-6;0;Globalstar
12.62268198;0.0002068;51.9903;80.8348;135.2289;31.9914;-0.00011216;-1.24E-6;0;Globalstar
12.62268176;0.0002054;51.9904;79.489;136.1289;240.4632;-0.00011262;-1.24E-6;0;Globalstar
12.62268205;0.0002059;51.9902;77.9463;136.6599;22.7268;-2.6274E-5;-1.08E-6;0;Globalstar
12.62268156;0.0002018;51.9907;74.8447;139.0583;331.5757;-8.7424E-5;-1.19E-6;0;Globalstar
12.62268146;0.0002004;51.9908;73.4606;140.0477;237.0095;-8.3092E-5;-1.19E-6;0;Globalstar
12.6226811;0.0001981;51.991;69.8037;142.3698;294.6313;-7.9355E-5;-1.18E-6;0;Globalstar
12.62268114;0.0001976;51.991;69.3024;142.7046;322.6891;-7.7346E-5;-1.18E-6;0;Globalstar
12.62268106;0.000195;51.9912;66.4105;144.688;318.4878;-6.4611E-5;-1.15E-6;0;Globalstar
12.62268118;0.0001943;51.9912;65.6561;145.2446;4.3099;-5.2501E-5;-1.13E-6;0;Globalstar
12.62268084;0.0001921;51.9913;63.0033;147.1429;3.1346;-6.3721E-5;-1.15E-6;0;Globalstar
12.62268039;0.0001896;51.9915;60.4429;148.958;224.1588;-8.1744E-5;-1.18E-6;0;Globalstar
12.62268087;0.0001882;51.9915;59.1311;149.8393;21.9466;-3.6879E-5;-1.1E-6;0;Globalstar
12.62268068;0.0001868;51.9913;56.7399;151.2684;350.3541;8.991E-8;-1.04E-6;0;Globalstar
12.62268036;0.0001862;51.9914;55.9969;151.8723;19.111;-3.2852E-5;-1.1E-6;0;Globalstar
12.62268045;0.0001836;51.9915;53.1033;154.0171;17.2508;2.757E-6;-1.03E-6;0;Globalstar
12.62268043;0.0001813;51.9918;51.2794;155.5644;219.155;-4.8303E-5;-1.12E-6;0;Globalstar
12.62268064;0.000181;51.9918;50.712;155.883;346.0739;-3.5223E-5;-1.1E-6;0;Globalstar
12.62268057;0.0001783;51.9917;47.5707;157.7917;354.225;4.159E-5;-9.6E-7;0;Globalstar
12.62268053;0.0001754;51.9918;44.4296;159.9727;1.9596;1.688E-5;-1.01E-6;0;Globalstar
12.62268074;0.0001723;51.9918;41.048;162.3413;8.6252;1.1037E-5;-1.02E-6;0;Globalstar
12.62268084;0.0001694;51.9918;37.914;164.6941;5.6265;5.9967E-6;-1.03E-6;0;Globalstar
12.62268107;0.0001659;51.9918;35.0202;167.024;3.9281;8.9791E-6;-1.02E-6;0;Globalstar
12.62268083;0.0001646;51.9918;33.4384;168.2467;204.5238;-8.7525E-6;-1.05E-6;0;Globalstar
12.62268105;0.0001629;51.9918;31.8859;169.3405;1.3724;6.581E-6;-1.03E-6;0;Globalstar
12.62268089;0.0001618;51.9917;30.2448;170.5155;290.4464;-2.0617E-8;-1.04E-6;0;Globalstar
12.62268128;0.000161;51.9917;29.7396;170.8825;324.3199;3.3233E-5;-9.8E-7;0;Globalstar
12.6226813;0.0001586;51.9917;27.1199;172.9518;273.458;4.3569E-5;-9.6E-7;0;Globalstar
12.6226814;0.000157;51.9917;25.8581;173.9894;356.3214;4.1525E-5;-9.6E-7;0;Globalstar
12.62268178;0.0001548;51.9916;23.9443;175.4466;332.2097;8.3914E-5;-8.9E-7;0;Globalstar
12.62268179;0.0001535;51.9916;22.9641;176.3174;354.7465;7.5263E-5;-9.0E-7;0;Globalstar
12.62268158;0.0001503;51.9916;19.8295;178.7652;352.4152;5.5203E-5;-9.4E-7;0;Globalstar
12.62268191;0.0001483;51.9915;17.6829;180.3873;315.5779;8.7038E-5;-8.8E-7;0;Globalstar
12.62268204;0.0001468;51.9915;16.3227;181.6039;185.1438;9.0536E-5;-8.8E-7;0;Globalstar
12.62268184;0.000144;51.9915;13.8012;183.6368;347.7508;4.7433E-5;-9.5E-7;0;Globalstar
12.62268145;0.0001439;51.9915;12.9273;184.2436;211.8407;1.1537E-5;-1.02E-6;0;Globalstar
12.62268224;0.0001409;51.9915;10.9082;186.0016;344.6712;5.5936E-5;-9.4E-7;0;Globalstar
12.6226822;0.0001394;51.9914;9.0357;187.5483;258.8981;4.7108E-5;-9.5E-7;0;Globalstar
12.62268234;0.0001377;51.9914;7.7734;188.6969;342.3844;3.9362E-5;-9.7E-7;0;Globalstar
12.6226825;0.0001361;51.9913;5.8941;190.1527;266.6404;5.1497E-5;-9.5E-7;0;Globalstar
12.62268262;0.0001347;51.9913;4.8801;191.1314;339.574;4.1172E-5;-9.6E-7;0;Globalstar
12.62268272;0.0001336;51.9912;2.7235;192.7928;317.5821;4.2903E-5;-9.6E-7;0;Globalstar
12.6226828;0.0001323;51.9912;1.7452;193.8408;337.1073;3.9164E-5;-9.7E-7;0;Globalstar
12.62268304;0.0001292;51.9911;358.8513;196.3662;335.0948;5.0811E-5;-9.5E-7;0;Globalstar
12.62268284;0.0001258;51.991;355.7165;199.1105;332.3833;3.531E-5;-9.7E-7;0;Globalstar
12.62268304;0.0001228;51.991;352.8229;201.7237;329.8489;5.3947E-5;-9.4E-7;0;Globalstar
12.62268316;0.0001221;51.991;351.7127;202.7171;186.1969;6.2112E-5;-9.3E-7;0;Globalstar
12.62268328;0.0001197;51.991;349.6883;204.5908;326.6282;6.9703E-5;-9.1E-7;0;Globalstar
12.6226831;0.000119;51.9909;348.5471;205.4283;229.4666;5.1297E-5;-9.5E-7;0;Globalstar
12.62268335;0.0001165;51.991;346.7948;207.2143;323.969;6.8411E-5;-9.2E-7;0;Globalstar
12.62268342;0.0001143;51.991;344.6601;209.0656;269.0998;7.3292E-5;-9.1E-7;0;Globalstar
12.62268362;0.0001135;51.991;343.6602;210.087;320.8142;7.057E-5;-9.1E-7;0;Globalstar
12.6226837;0.0001108;51.991;341.5122;212.1204;285.7657;6.7961E-5;-9.2E-7;0;Globalstar
12.6226838;0.0001102;51.991;340.7663;212.9698;318.5346;6.1001E-5;-9.3E-7;0;Globalstar
12.62268382;0.0001083;51.991;338.3681;215.1861;296.8068;3.8249E-5;-9.7E-7;0;Globalstar
12.62268395;0.0001074;51.991;337.0106;216.5993;162.1564;3.6497E-5;-9.7E-7;0;Globalstar
12.62268374;0.0001049;51.991;334.7387;218.9089;311.8911;-4.5546E-6;-1.05E-6;0;Globalstar
12.6226839;0.0001025;51.991;331.6035;222.0205;309.6698;-7.4276E-6;-1.05E-6;0;Globalstar
12.62268383;0.0001002;51.991;328.7105;225.0072;305.8977;-2.0033E-5;-1.07E-6;0;Globalstar
12.62268382;9.88E-5;51.991;327.1285;226.5877;146.3441;-1.019E-5;-1.06E-6;0;Globalstar
12.62268406;9.74E-5;51.991;325.5759;228.3947;302.5956;1.0321E-5;-1.02E-6;0;Globalstar
12.62268425;9.56E-5;51.9909;323.1739;231.0141;286.1623;3.4546E-5;-9.8E-7;0;Globalstar
12.62268432;9.54E-5;51.991;322.6825;231.5549;299.2709;3.8071E-5;-9.7E-7;0;Globalstar
12.62268437;9.21E-5;51.9909;319.5472;235.181;296.6204;6.3552E-5;-9.2E-7;0;Globalstar
12.62268436;9.01E-5;51.9909;316.6544;238.4906;292.2623;6.4079E-5;-9.2E-7;0;Globalstar
12.62268453;8.72E-5;51.9909;312.8989;242.9093;134.985;8.1711E-5;-8.9E-7;0;Globalstar
12.62268451;8.61E-5;51.9909;311.8764;244.1408;220.3122;7.381E-5;-9.1E-7;0;Globalstar
12.62268468;8.52E-5;51.9909;310.6262;245.8742;285.219;7.1422E-5;-9.1E-7;0;Globalstar
12.62268483;8.34E-5;51.9909;308.23;248.7254;260.0653;6.6667E-5;-9.2E-7;0;Globalstar
12.62268485;8.3E-5;51.9909;307.4911;249.7182;282.3017;6.015E-5;-9.3E-7;0;Globalstar
12.62268494;8.16E-5;51.9908;305.0883;252.7274;266.7049;3.9935E-5;-9.7E-7;0;Globalstar
12.62268498;8.14E-5;51.9908;304.5974;253.3143;279.0679;3.4188E-5;-9.8E-7;0;Globalstar
12.62268499;7.97E-5;51.9908;301.7051;257.0722;273.6709;8.4772E-6;-1.02E-6;0;Globalstar
12.62268481;7.92E-5;51.9907;300.5961;258.2109;128.3782;-1.5244E-5;-1.06E-6;0;Globalstar
12.62268486;7.81E-5;51.9907;298.5705;261.1461;269.811;-2.3244E-5;-1.08E-6;0;Globalstar
12.6226848;7.77E-5;51.9906;297.7064;262.0559;119.0749;-3.0375E-5;-1.09E-6;0;Globalstar
12.6226851;7.67E-5;51.9905;295.4358;265.316;265.9416;-1.5615E-6;-1.04E-6;0;Globalstar
12.62268532;7.5E-5;51.9904;292.5429;269.383;261.1149;2.867E-5;-9.9E-7;0;Globalstar
12.62268528;7.4E-5;51.9903;290.6299;271.8398;234.9107;4.6167E-5;-9.5E-7;0;Globalstar
12.62268544;7.4E-5;51.9902;289.4077;273.6985;257.7857;6.5115E-5;-9.2E-7;0;Globalstar
12.62268557;7.35E-5;51.9901;287.4954;276.1586;230.5011;9.686E-5;-8.6E-7;0;Globalstar
12.62268563;7.37E-5;51.99;286.5152;277.5119;252.5099;9.4828E-5;-8.7E-7;0;Globalstar
12.62268598;7.37E-5;51.9899;283.6205;281.279;250.577;0.00013235;-8.0E-7;0;Globalstar
12.62268633;7.32E-5;51.9897;280.4865;285.6634;245.2852;0.00015844;-7.5E-7;0;Globalstar
12.62268622;7.15E-5;51.9896;277.5931;290.6223;240.334;0.00013574;-7.9E-7;0;Globalstar
12.62268649;7.1E-5;51.9895;275.427;293.7124;231.1603;0.00014074;-7.9E-7;0;Globalstar
12.62268675;7.11E-5;51.9894;273.5824;296.0663;102.8156;0.00011979;-8.2E-7;0;Globalstar
12.62268697;7.09E-5;51.9893;272.3205;298.059;184.9018;0.00012362;-8.2E-7;0;Globalstar
12.62268712;7.12E-5;51.9892;270.1489;300.9672;184.1948;8.5425E-5;-8.8E-7;0;Globalstar
12.62268715;7.08E-5;51.9891;268.4308;303.63;226.7471;6.1298E-5;-9.3E-7;0;Globalstar
12.62268741;7.12E-5;51.9889;266.848;305.5322;67.9121;5.9613E-5;-9.3E-7;0;Globalstar
12.62268757;7.13E-5;51.9888;265.5369;307.6485;223.2547;4.5896E-5;-9.6E-7;0;Globalstar
12.62268769;7.17E-5;51.9887;264.6747;308.4344;69.694;4.9631E-5;-9.5E-7;0;Globalstar
12.62268767;7.23E-5;51.9886;263.1444;310.4292;192.5988;3.5824E-5;-9.7E-7;0;Globalstar
12.62268787;7.29E-5;51.9884;261.0172;312.7843;126.0805;3.2099E-5;-9.8E-7;0;Globalstar
12.62268781;7.36E-5;51.9883;260.0034;314.205;198.2748;2.9951E-5;-9.8E-7;0;Globalstar
12.62268781;7.43E-5;51.9881;257.1163;317.7187;185.1419;4.5145E-5;-9.6E-7;0;Globalstar
12.62268811;7.5E-5;51.9879;254.4606;320.8873;186.7121;8.6822E-5;-8.8E-7;0;Globalstar
12.62268836;7.54E-5;51.9878;252.0959;323.6672;114.193;0.00011459;-8.3E-7;0;Globalstar
12.62268846;7.56E-5;51.9877;251.3224;324.8087;187.9537;0.00013606;-7.9E-7;0;Globalstar
12.6226886;7.64E-5;51.9877;249.7227;326.4087;54.5519;0.00014758;-7.7E-7;0;Globalstar
12.62268866;7.73E-5;51.9876;248.18;328.5023;195.5985;0.00015531;-7.6E-7;0;Globalstar
12.62268927;7.76E-5;51.9876;246.8393;330.0069;35.5767;0.00019461;-6.9E-7;0;Globalstar
12.62268966;7.78E-5;51.9875;244.3171;332.8642;198.1509;0.00018452;-7.1E-7;0;Globalstar
12.62268996;7.8E-5;51.9874;243.6933;333.4417;48.8394;0.00020418;-6.7E-7;0;Globalstar
12.62269031;7.94E-5;51.9873;240.8035;336.4537;40.1834;0.00017889;-7.2E-7;0;Globalstar
12.62269062;8.02E-5;51.9872;237.6652;339.5979;42.1886;0.00012729;-8.1E-7;0;Globalstar
12.62269072;8.02E-5;51.9872;236.9025;340.3596;100.163;0.00011057;-8.4E-7;0;Globalstar
12.62269085;8.15E-5;51.9871;235.3945;341.8398;190.0414;7.9298E-5;-9.0E-7;0;Globalstar
12.62269103;8.2E-5;51.9871;233.7729;343.1171;89.6036;6.0897E-5;-9.3E-7;0;Globalstar
12.62269106;8.32E-5;51.9871;232.9965;343.8373;168.1043;4.9243E-5;-9.5E-7;0;Globalstar
12.62269101;8.45E-5;51.987;230.6189;345.979;115.4634;4.8103E-6;-1.03E-6;0;Globalstar
12.6226911;8.53E-5;51.987;229.8604;346.769;167.0358;-1.8492E-6;-1.04E-6;0;Globalstar
12.622691;8.57E-5;51.9869;228.4948;347.7236;44.8058;-2.3039E-5;-1.08E-6;0;Globalstar
12.62269089;8.61E-5;51.9869;227.4593;348.7928;149.6579;-3.2597E-5;-1.1E-6;0;Globalstar
12.62269109;8.65E-5;51.9869;226.2319;349.7101;181.0954;-3.0248E-5;-1.09E-6;0;Globalstar
12.62269113;8.67E-5;51.9869;225.6077;350.1478;32.6029;-2.1122E-5;-1.08E-6;0;Globalstar
12.62269095;8.82E-5;51.9868;222.7206;352.4466;20.492;-2.3475E-5;-1.08E-6;0;Globalstar
12.62269091;8.83E-5;51.9868;220.2034;354.2582;176.487;-1.4782E-5;-1.06E-6;0;Globalstar
12.62269096;8.86E-5;51.9868;219.5788;354.6694;28.5761;1.3585E-6;-1.04E-6;0;Globalstar
12.62269105;8.98E-5;51.9868;218.6208;355.4835;18.0014;1.9539E-5;-1.0E-6;0;Globalstar
12.62269111;9.01E-5;51.9868;218.0334;355.9444;174.4436;3.1919E-5;-9.8E-7;0;Globalstar
12.62269117;9.08E-5;51.9868;217.1458;356.4431;59.0305;4.1014E-5;-9.6E-7;0;Globalstar
12.62269153;9.16E-5;51.9869;214.1747;358.3112;172.6155;8.3237E-5;-8.9E-7;0;Globalstar
12.6226916;9.19E-5;51.9869;213.5499;358.6512;25.0263;9.7269E-5;-8.6E-7;0;Globalstar
12.62269164;9.23E-5;51.9869;212.7867;359.3813;83.7023;9.8413E-5;-8.6E-7;0;Globalstar
12.62269202;9.41E-5;51.987;209.6988;1.5619;11.3259;0.00012041;-8.2E-7;0;Globalstar
12.62269202;9.41E-5;51.987;209.6988;1.5619;11.3259;0.00012041;-8.2E-7;0;Globalstar
12.62269231;9.57E-5;51.987;207.2239;3.3361;104.4277;0.00010798;-8.4E-7;0;Globalstar
12.62269233;9.63E-5;51.9871;206.5637;3.8588;9.5992;0.00011116;-8.4E-7;0;Globalstar
12.62269224;9.72E-5;51.9871;205.252;4.6441;167.1278;7.3052E-5;-9.1E-7;0;Globalstar
12.6226923;9.75E-5;51.9872;203.67;5.4771;7.9862;5.7276E-5;-9.4E-7;0;Globalstar
12.6226924;9.86E-5;51.9873;202.1173;6.2374;165.433;2.9382E-5;-9.9E-7;0;Globalstar
12.62269241;9.88E-5;51.9873;201.1956;6.7014;100.9378;7.4707E-6;-1.02E-6;0;Globalstar
12.62269241;9.91E-5;51.9873;200.5355;7.0917;6.055;4.88E-6;-1.03E-6;0;Globalstar
12.62269244;0.0001007;51.9874;198.3083;8.4861;89.7554;-4.0046E-5;-1.11E-6;0;Globalstar
12.62269259;0.0001014;51.9875;197.6419;8.8511;4.4275;-3.5423E-5;-1.1E-6;0;Globalstar
12.62269229;0.0001029;51.9875;195.6679;9.9078;70.4783;-7.7328E-5;-1.18E-6;0;Globalstar
12.62269201;0.0001034;51.9876;194.176;10.8673;136.8519;-0.00010796;-1.23E-6;0;Globalstar
12.62269186;0.000104;51.9877;193.196;11.2061;159.5088;-0.00013102;-1.27E-6;0;Globalstar
12.62269193;0.0001042;51.9877;193.0315;11.2951;45.1338;-0.00012232;-1.26E-6;0;Globalstar
12.62269188;0.0001042;51.9877;192.5787;11.4218;0.8878;-0.00012141;-1.26E-6;0;Globalstar
12.62269161;0.0001062;51.9878;188.8875;13.2744;109.8973;-0.00013142;-1.27E-6;0;Globalstar
12.62269152;0.000107;51.9878;187.8908;13.8333;157.5;-0.00011495;-1.24E-6;0;Globalstar
12.62269196;0.0001066;51.9886;186.5503;13.204;359.7253;-3.9817E-5;-1.11E-6;0;Globalstar
12.62269138;0.0001073;51.9879;185.7819;14.6218;65.0641;-0.00010114;-1.22E-6;0;Globalstar
12.62269131;0.0001083;51.988;184.1137;15.2431;35.0899;-7.4307E-5;-1.17E-6;0;Globalstar
12.62269146;0.0001083;51.988;183.8632;15.1423;49.2172;-5.2053E-5;-1.13E-6;0;Globalstar
12.62269198;0.000108;51.9887;182.1198;14.8592;132.6999;-4.3536E-5;-1.12E-6;0;Globalstar
12.62269122;0.0001094;51.9883;179.7534;16.6562;63.4242;-9.7881E-6;-1.06E-6;0;Globalstar
12.62269103;0.0001097;51.9883;179.5568;16.727;356.8791;-1.3968E-5;-1.06E-6;0;Globalstar
12.62269184;0.0001099;51.9889;178.0857;16.1993;34.2406;-4.5937E-5;-1.12E-6;0;Globalstar
12.62269082;0.0001109;51.9884;176.8625;17.9738;58.1904;-2.3157E-6;-1.04E-6;0;Globalstar
12.62269114;0.0001107;51.989;176.3619;17.2921;86.8104;-8.3315E-5;-1.19E-6;0;Globalstar
12.62269127;0.0001115;51.989;174.9466;17.7929;39.3238;-7.1031E-5;-1.17E-6;0;Globalstar
12.62269088;0.0001129;51.9886;173.5286;19.6125;354.02;1.8986E-5;-1.0E-6;0;Globalstar
12.62269113;0.0001128;51.989;172.9455;19.0233;145.8028;-6.4675E-5;-1.15E-6;0;Globalstar
12.62269093;0.0001134;51.9891;171.1102;19.8442;4.9213;-7.7607E-5;-1.18E-6;0;Globalstar
12.62269095;0.0001141;51.9891;170.0877;20.5561;90.7115;-6.5797E-5;-1.16E-6;0;Globalstar
12.62269076;0.0001149;51.9891;168.4645;21.3543;353.2806;-6.7045E-5;-1.16E-6;0;Globalstar
12.6226906;0.0001155;51.9891;167.207;22.0462;70.0494;-6.348E-5;-1.15E-6;0;Globalstar
12.62269058;0.000116;51.9892;166.6867;22.1671;126.7409;-6.3658E-5;-1.15E-6;0;Globalstar
12.62269059;0.0001162;51.9892;166.1884;22.3535;150.4417;-6.5259E-5;-1.15E-6;0;Globalstar
12.62269073;0.000118;51.989;163.7987;23.9263;116.5322;-7.4679E-5;-1.17E-6;0;Globalstar
12.62269064;0.0001181;51.989;163.5445;23.9186;136.2295;-8.8124E-5;-1.2E-6;0;Globalstar
12.62269042;0.0001188;51.989;161.4727;24.7126;348.6814;-0.00011358;-1.24E-6;0;Globalstar
12.62269077;0.0001189;51.9893;160.9269;24.3202;83.9246;-5.7047E-6;-1.05E-6;0;Globalstar
12.62269052;0.0001201;51.9891;159.7499;25.3938;40.1734;-0.00010736;-1.23E-6;0;Globalstar
12.62269043;0.0001198;51.9894;158.7777;25.3301;51.6279;-3.7272E-5;-1.1E-6;0;Globalstar
12.62269021;0.0001206;51.9894;157.7704;25.6168;115.24;-5.2363E-5;-1.13E-6;0;Globalstar
12.6226901;0.0001213;51.9895;155.6305;26.5033;69.3079;-4.3439E-5;-1.12E-6;0;Globalstar
12.62269015;0.000122;51.9895;154.8898;26.9284;94.7486;-3.6738E-5;-1.1E-6;0;Globalstar
12.62269042;0.0001225;51.9895;152.7178;27.7744;96.5761;-2.0836E-5;-1.08E-6;0;Globalstar
12.62268975;0.0001239;51.9891;151.7422;28.6774;112.4739;-5.6059E-5;-1.14E-6;0;Globalstar
12.62268966;0.0001247;51.9891;149.882;29.4278;9.0641;-4.3924E-5;-1.12E-6;0;Globalstar
12.62268953;0.0001255;51.9891;148.8615;29.8207;92.2469;-2.1113E-5;-1.08E-6;0;Globalstar
12.62269035;0.0001259;51.9895;147.6933;29.5037;36.6883;-2.1771E-5;-1.08E-6;0;Globalstar
12.62269039;0.0001258;51.9895;147.2427;29.7119;349.077;-1.2846E-5;-1.06E-6;0;Globalstar
12.6226894;0.0001264;51.9891;146.7214;30.5541;46.6483;-2.4939E-7;-1.04E-6;0;Globalstar
12.62268978;0.0001275;51.9891;144.3507;31.4247;345.3494;6.8451E-5;-9.2E-7;0;Globalstar
12.62268966;0.0001287;51.9891;141.9161;32.3475;19.2556;7.1345E-5;-9.1E-7;0;Globalstar
12.62269024;0.0001296;51.9891;139.0252;33.6125;14.032;0.00011327;-8.3E-7;0;Globalstar
12.62269004;0.0001297;51.9891;138.0692;34.0762;0.9111;8.6775E-5;-8.8E-7;0;Globalstar
12.6226904;0.0001323;51.9891;134.4665;35.5023;338.381;8.1678E-5;-8.9E-7;0;Globalstar
12.62269085;0.0001338;51.9891;131.3327;36.741;335.9572;6.6766E-5;-9.2E-7;0;Globalstar
12.62269087;0.0001355;51.989;128.1342;37.882;70.1281;2.1223E-5;-1.0E-6;0;Globalstar
12.62269087;0.0001355;51.989;128.1342;37.882;70.1281;2.1223E-5;-1.0E-6;0;Globalstar
12.62269073;0.0001362;51.989;126.9681;38.2864;10.6593;-1.7431E-5;-1.07E-6;0;Globalstar
12.62269075;0.0001366;51.989;125.2449;39.0243;62.5902;-2.6772E-5;-1.09E-6;0;Globalstar
12.62269088;0.000138;51.9889;122.6083;40.0941;37.9117;-3.5286E-5;-1.1E-6;0;Globalstar
12.62269091;0.0001393;51.9888;120.9404;40.5825;7.5709;-3.3025E-5;-1.1E-6;0;Globalstar
12.62269073;0.00014;51.9888;119.2172;41.3166;59.3866;-3.505E-5;-1.1E-6;0;Globalstar
12.62269102;0.0001415;51.9887;116.5479;42.3037;83.3489;5.2662E-6;-1.03E-6;0;Globalstar
12.62269121;0.0001439;51.9886;112.9161;43.6394;104.032;6.0386E-5;-9.3E-7;0;Globalstar
12.62269134;0.000145;51.9886;110.7694;44.4393;68.0531;7.4204E-5;-9.0E-7;0;Globalstar
12.62269143;0.000147;51.9886;107.6608;45.6429;27.5393;9.09E-5;-8.7E-7;0;Globalstar
12.62269142;0.0001475;51.9886;107.2189;45.7268;327.292;0.00010335;-8.5E-7;0;Globalstar
12.62269163;0.0001489;51.9886;104.325;46.9516;326.2839;0.00010812;-8.4E-7;0;Globalstar
12.62269182;0.0001501;51.9886;102.599;47.6412;22.4736;0.00010434;-8.5E-7;0;Globalstar
12.62269185;0.0001503;51.9886;101.632;48.1793;25.4749;8.1692E-5;-8.9E-7;0;Globalstar
12.62269189;0.0001516;51.9886;99.8789;48.7431;122.1698;6.7701E-5;-9.2E-7;0;Globalstar
12.62269206;0.000152;51.9887;98.494;49.5381;28.7701;5.9947E-5;-9.3E-7;0;Globalstar
12.62269223;0.0001533;51.9887;96.7448;50.1235;119.7617;4.3859E-5;-9.6E-7;0;Globalstar
12.62269224;0.0001535;51.9887;96.07;50.4646;46.8399;3.6733E-5;-9.7E-7;0;Globalstar
12.62269242;0.0001536;51.9887;95.823;50.6936;55.2351;3.828E-5;-9.7E-7;0;Globalstar
12.62269229;0.0001554;51.9887;91.9774;52.3486;34.7087;-1.7487E-5;-1.07E-6;0;Globalstar
12.62269238;0.0001559;51.9888;90.7154;52.8379;118.203;-3.5611E-5;-1.1E-6;0;Globalstar